emailAddress,link,name,phone,companyName
,https://www.yellowpages.com/los-angeles-ca/mip/med-life-ambulance-service-12960735,,(818) 242-1785,med-life-ambulance-servic
,https://www.yellowpages.com/los-angeles-ca/mip/atlas-rescues-531009236,,(818) 452-2424,atlas-rescues
,https://www.yellowpages.com/los-angeles-ca/mip/westmed-ambulance-526667983,,(323) 745-0540,westmed-ambulance
,https://www.yellowpages.com/los-angeles-ca/mip/hatzoloh-of-la-532805925,,(323) 931-4340,hatzoloh-of-la
,https://www.yellowpages.com/los-angeles-ca/mip/shoreline-ambulance-470759046,,(323) 937-4308,shoreline-ambulance
,https://www.yellowpages.com/los-angeles-ca/mip/metro-valley-ambulance-478382278,,(818) 242-2872,metro-valley-ambulance
,https://www.yellowpages.com/los-angeles-ca/mip/medreach-ambulance-service-541023905,,(323) 934-5671,medreach-ambulance-service
,https://www.yellowpages.com/los-angeles-ca/mip/dependable-care-transportation-19563028,,(323) 556-8600,dependable-care-transportatio
,https://www.yellowpages.com/los-angeles-ca/mip/mc-cormick-ambulance-463578743,,(323) 291-6548,mc-cormick-ambulance
,https://www.yellowpages.com/los-angeles-ca/mip/care-america-transportation-inc-472636974,,(323) 874-0024,care-america-transportation-inc
,https://www.yellowpages.com/los-angeles-ca/mip/aegis-ambulance-service-5176724,,(213) 482-0809,aegis-ambulance-servi
,https://www.yellowpages.com/los-angeles-ca/mip/good-shepherd-ambulance-22372283,,(213) 623-3222,good-shepherd-ambulanc
,https://www.yellowpages.com/los-angeles-ca/mip/care-ambulance-service-462562065,,(323) 469-1234,care-ambulance-service
,https://www.yellowpages.com/los-angeles-ca/mip/medi-star-transport-6057085,,(818) 955-9900,medi-star-transpo
,https://www.yellowpages.com/los-angeles-ca/mip/g-m-d-transportation-509510134,,(323) 874-4085,g-m-d-transportation
,https://www.yellowpages.com/los-angeles-ca/mip/elite-ambulance-inc-482678304,,(323) 874-4100,elite-ambulance-inc
,https://www.yellowpages.com/los-angeles-ca/mip/air-ambulance-6387978,,(323) 221-7510,air-ambulan
,https://www.yellowpages.com/nationwide/mip/royalty-ambulance-473121617,,(818) 550-5833,royalty-ambulance
,https://www.yellowpages.com/nationwide/mip/good-shepherd-ambulance-l-l-c-475215970,,(626) 287-5200,good-shepherd-ambulance-l-l-c
,https://www.yellowpages.com/glendale-ca/mip/prn-ambulance-11123563,,(818) 844-2775,prn-ambulanc
,https://www.yellowpages.com/huntington-park-ca/mip/care-ambulance-12764896,,(323) 582-9277,care-ambulanc
,https://www.yellowpages.com/west-hollywood-ca/mip/dependable-care-ambulance-14372437,,(323) 851-3791,dependable-care-ambulanc
,https://www.yellowpages.com/glendale-ca/mip/e-z-trans-inc-545458086,,(818) 484-7933,e-z-trans-inc
,https://www.yellowpages.com/alhambra-ca/mip/s-outhern-ca-ambulance-16461765,,(626) 457-5742,s-outhern-ca-ambulanc
,https://www.yellowpages.com/glendale-ca/mip/royalty-ambulance-svc-inc-531240954,,(818) 500-7566,royalty-ambulance-svc-inc
,https://www.yellowpages.com/glendale-ca/mip/trans-aid-non-emergency-med-22560306,,(818) 242-1155,trans-aid-non-emergency-me
,https://www.yellowpages.com/glendale-ca/mip/e-z-trans-463376267,,(818) 567-2300,e-z-trans
,https://www.yellowpages.com/montebello-ca/mip/floral-extreme-481616774,,(323) 725-0026,floral-extreme
,https://www.yellowpages.com/glendale-ca/mip/trans-aid-ambulance-transportation-14502454,,(323) 204-6921,trans-aid-ambulance-transportatio
,https://www.yellowpages.com/commerce-ca/mip/care-ambulance-7262715,,(323) 724-9930,care-ambulan
